postal_code,property_count,avg_price_m2,longitude,latitude
1000,162,4062.261549916272,4.351697,50.8465573
1020,60,2931.7647434883656,4.3487134,50.883392
1030,128,3004.1796583630585,4.3737121,50.8676041
1040,40,4306.156901158672,4.3895104,50.8368511
1050,137,4622.319979849872,4.3815707,50.8222854
1060,52,3504.146315153626,4.345668,50.8267409
1070,158,2738.5273966237382,4.3123401,50.8381411
1080,114,2573.82831157958,4.3227779,50.8543551
1081,24,2726.3992545737265,4.3257084,50.8622633
1082,28,2722.2828691164605,4.292702,50.8639835
1083,41,2719.96900890252,4.3175103,50.8712396
1090,81,2982.8869564804086,4.3260903,50.8777634
1120,19,2986.5165414173875,4.3904888684211,50.89779605
1130,1,4391.891891891892,4.4125708732431,50.8919661
1140,60,3536.648478556039,4.4021602,50.8704524
1150,37,4494.290627544098,4.4432967,50.8292429
1160,38,4262.828237149078,4.4331389,50.8156571
1170,18,4193.344379490867,4.4158177,50.799394
1180,138,4159.804446806369,4.3372348,50.8018201
1190,50,3416.6547875459087,4.3177512,50.8091426
1200,66,4146.290623794142,4.4284842,50.8466928
1210,31,3563.1397110236735,4.3723364,50.8530739
1300,27,3085.9830224921648,4.607744,50.7164189
1301,5,2962.3985738115502,4.5894025,50.7111796
1310,6,4545.905221992179,4.4796542,50.7315053
1315,2,2258.25727944372,4.798944,50.6918004
1320,1,771.3178294573644,4.733891,50.7725266
1325,10,3533.4642824534503,4.6896145,50.7021372
1330,15,3342.6776967826227,4.5272896887008,50.7133548
1331,1,3619.0476190476193,4.5463113019639,50.73713045
1332,7,3559.3197031110694,4.4971389344121,50.72074495
1340,7,2867.253300482321,4.5690502,50.666357
1341,1,,4.5291742660159,50.6625713
1342,1,3382.608695652174,4.5549022761211,50.6851551
1348,9,4100.6240448152275,4.6141567317211,50.6741689
1350,9,2422.3259332902107,4.9370984,50.6610719
1357,2,1826.3794663048395,5.0030144,50.7322517
1360,7,2822.871819031734,4.7631073,50.6376269
1367,3,2551.1083743842364,4.9249295,50.6631583
1370,13,2353.1696753149,4.8203333,50.7016251
1380,16,3422.2546863351326,4.4825691512066,50.6628104
1390,20,3219.8833354659487,4.6702286,50.7516077
1400,38,2487.537406795334,4.2860216341575,50.5931607
1401,1,2218.430034129693,4.3586482570372,50.6172472
1410,41,3813.2285703609673,4.3978047,50.7173563
1420,17,3324.801868980635,4.3548145440335,50.6940942
1421,2,3609.259259259259,4.3507902353934,50.65630215
1428,6,2695.7531399072514,4.3670582,50.6483743
1430,5,2256.0135553510167,4.1227257983451,50.69657845
1435,5,2783.9597672613545,4.6167772,50.6220893
1440,8,2899.0823019159816,4.3133036337455,50.68083185
1450,7,2900.2917567528007,4.6377941108725,50.6106296
1457,5,2787.3353585771993,4.6743285,50.6407147
1460,4,2149.4584116541355,4.2199759440369,50.6413403
1470,12,2292.8684027846944,4.5192034141632,50.63205335
1472,1,3523.809523809524,4.4015030981612,50.62902485
1480,23,2461.90548556443,4.2214131,50.6893737
1490,13,3190.6688418286444,4.5685766,50.6443208
1495,9,1774.8339320400141,4.4895548874612,50.554167
1500,10,2361.1430292365303,4.2374349,50.7360524
1501,2,2918.6991869918697,4.2605080818496,50.73793415
1502,2,2496.520833333333,4.2143430588907,50.7092954
1540,4,2676.2926262510837,4.0260115663497,50.72329555
1547,2,2314.5276134122287,3.943147,50.7164481
1560,9,2693.897306095145,4.474407,50.7674846
1570,7,2380.004328327499,3.9709983,50.7527192
1600,18,2657.340861424478,4.1958992,50.7804875
1601,5,2685.0748402128193,4.298610469732,50.7848617
1602,3,2188.790511412539,4.2360410720845,50.805593
1620,2,2858.893557422969,4.3173542,50.786532
1630,2,2830.2262443438913,4.3345641,50.7716092
1640,12,3532.374859921938,4.3463687,50.74503
1650,3,2359.127041479983,4.3051321494591,50.7684432
1651,1,2951.3888888888887,4.2729986221483,50.76514035
1652,3,2819.6760258060312,4.3281703413079,50.7449476
1653,1,2561.4973262032086,4.2950152833964,50.73423975
1654,3,2458.353386070084,4.2732545968764,50.74931535
1670,3,2340.9361778588363,4.1785882891377,50.7511702
1700,14,3119.9477005883537,4.2206526,50.8800337
1701,4,2632.9146624623954,4.2501187,50.8395994
1702,6,3567.8604832058777,4.2635668372339,50.8714357
1703,2,2388.5620915032678,4.195149072634,50.8363077
1730,16,2790.352745715661,4.1804375072845,50.913594
1731,15,2825.048504945452,4.2744185,50.8842475
1740,3,3032.8646746654363,4.1834171401216,50.87155835
1742,2,2789.659090909091,4.1535568,50.8726659
1745,13,2421.4306825803305,4.1896665,50.9690529
1750,2,3114.020935960591,4.1695303908975,50.8115319
1755,7,2598.4738949571424,4.1212845,50.7631284
1760,5,2720.547683194823,4.1119573,50.8220387
1770,1,3044.742424242424,4.0860754,50.8711313
1780,10,3036.7215732357217,4.3108723,50.9145955
1785,7,2242.7915399359645,4.1202807810427,51.0881618
1790,6,2270.990146661186,4.1174675,50.9035063
1800,21,2710.3423586330537,4.4329052514838,50.92813655
1820,4,3685.5985826557253,4.4960702,50.9331623
1830,2,3312.0385561936014,4.4353614,50.9124219
1831,3,3103.75,4.4365042,50.8945555
1840,8,2240.7953294448084,4.2624672,50.9944384
1850,7,2745.618073366352,4.4013732626459,50.95030565
1853,9,2740.0410431174305,4.342355501959,50.91096285
1860,7,3201.689512934788,4.3287322,50.9341625
1861,7,2835.2436270881276,4.3085198,50.9510266
1880,2,2724.1550116550115,4.3599725,51.0131904
1910,6,2763.0194975909617,4.617418,50.937546
1930,6,3330.8528287267764,4.4745515,50.8804355
1932,8,3704.594878852286,4.4359939711919,50.8662434
1933,12,5651.529502837544,4.5157438438279,50.85395875
1950,12,4497.5429526199505,4.4691371,50.8606105
1970,9,4052.24779815098,4.4871796,50.8440554
1980,7,2755.7598692549814,4.44412333945,50.9865028
1981,1,2602.0942408376964,4.5042526607237,50.9939033
1982,2,2739.5803698435275,4.5075638918541,50.96953845
2000,59,4413.299492965816,4.3997081,51.2211097
2018,37,3993.275033791644,4.3997081,51.2211097
2020,18,3016.6632037112236,4.3997081,51.2211097
2030,1,2687.074829931973,4.3997081,51.2211097
2040,1,2437.037037037037,4.319401,51.3455396
2050,17,3481.22446826359,4.3997081,51.2211097
2060,48,3184.129519538118,4.3997081,51.2211097
2070,6,2596.772107547325,4.3188693282188,51.23062085
2100,65,2444.110801594194,4.4695254092764,51.2115284
2110,8,2759.1970194611454,4.5225318,51.2270761
2140,35,2651.7753739847503,4.4403895064496,51.21029905
2150,8,2751.607957199045,4.488953,51.1928907
2160,13,2502.561351632973,4.5238022,51.2031044
2170,34,2469.7289295337196,4.4453401635115,51.24994295
2180,14,2589.8249819193156,4.4322870782182,51.2842045
2200,45,2505.602021262461,4.83464460985,51.1855514
2220,12,2706.4751699972103,4.7191120718788,51.08755725
2221,5,2886.0867898969946,4.7692867998141,51.0471677
2222,8,2873.5381500488124,4.731894344605,51.10403005
2223,5,2338.53916010906,4.4361161,51.2907379
2230,6,1718.2114179884322,4.9018080031354,51.0554081
2235,8,2448.5032281061804,4.8012932645531,51.04605145
2240,4,3530.4352968426633,4.6356924683019,51.19902125
2242,1,2453.551912568306,4.7033852099385,51.2257319
2250,7,2326.802295220348,4.8597257,51.1438611
2260,19,2394.593485106172,4.9012622781849,51.1220734
2270,7,2309.7146204166993,4.7543972,51.1392427
2275,15,2582.8596419197647,4.8359528,51.2267185
2280,9,2654.915345425373,4.7318844301963,51.18870335
2288,3,1780.657267655267,4.7370614385825,51.16210045
2290,2,2255.4839880250383,4.769482,51.2023448
2300,73,2733.793031179617,4.948461,51.3233812
2310,19,2705.802390871786,4.760708,51.3495046
2320,2,2617.863804896023,4.7440656414186,51.39574085
2321,2,2622.871046228711,4.7372548575575,51.46092495
2322,1,2575.3968253968255,4.8070790487489,51.43155825
2328,1,1956.081081081081,4.8051679,51.4743516
2330,1,1355.2036199095023,4.8627541,51.3580597
2340,23,2051.49015705266,4.7821797,51.2988018
2350,5,2940.1285139579386,4.8878026,51.3129153
2360,4,1915.6737556261228,4.9817086,51.3178319
2370,4,2374.2759574890306,5.0864557,51.3202315
2380,1,5935.251798561151,5.0198122919518,51.3808625
2381,1,2710.0,5.0182445420616,51.41206885
2382,2,2125.096525096525,5.0488069670452,51.45063155
2390,17,2904.548261246529,4.7149828,51.3001124
2400,43,2116.0159617460317,5.1155267,51.1840421
2430,10,2524.6418097617084,4.9972890275518,51.10171295
2431,8,2139.872854958725,4.9805536902848,51.0592049
2440,49,2593.8669903452947,4.9903187,51.1610826
2450,3,1778.5684457060088,5.0772388,51.1317433
2460,9,2197.5603463172056,4.8965455,51.2422595
2470,3,2387.234308119903,5.0843883,51.2675862
2480,3,1878.0683008589986,5.113243,51.2395713
2490,22,2189.8850867346837,5.1937730761009,51.171804
2500,36,2924.648543866884,4.6033828110877,51.0929433
2520,15,3066.6177143097693,4.5637563614009,51.1961732
2530,5,4672.535502932946,4.510406865149,51.1596941
2531,5,3375.1045747246776,4.5226229,51.1753099
2540,3,5364.84375,4.477387,51.1486117
2547,5,3217.941803805849,4.4922187,51.1268305
2550,11,3152.1239690222706,4.453,51.1052659
2560,13,2530.672898077697,4.6709517317049,51.1611887
2570,17,2701.8111644641203,4.5061988,51.0957176
2580,45,2675.552844075157,4.6310473,51.0570823
2590,5,2394.631965333158,4.6646313199891,51.12758685
2600,17,3148.31309924121,4.4317026387884,51.1918493
2610,26,3237.5166577648774,4.3876309610455,51.1638451
2620,5,1933.6416873227677,4.3420555,51.1442105
2627,4,2719.0810932365803,4.3361875,51.1245635
2630,4,2576.225490196078,4.3870241,51.133297
2640,22,2775.9417192861188,4.4593335,51.1741789
2650,14,3744.1454616437513,4.4384284,51.1574786
2660,15,2833.402239590033,4.3511502171395,51.1757824
2800,64,3070.105794589014,4.471321199996,51.02803335
2801,1,2544.4444444444443,4.4124762563322,51.0519355
2811,5,4043.6121585242063,4.4211910518318,51.01166405
2812,5,3065.846189157089,4.5182999731643,51.0083206
2820,28,2889.941893122625,4.5842221,51.0010818
2830,32,2513.193516478455,4.3723517,51.0565194
2840,8,3608.3916839328185,4.4058899586301,51.1044854
2845,6,2168.756400949133,4.3303396,51.1098649
2850,14,2550.951592342313,4.3667216,51.0873789
2860,22,2915.2856877895097,4.5114278140147,51.06232435
2861,7,2590.2712119767957,4.5799614,51.0624913
2870,23,3022.381539574533,4.2808516096232,51.05486435
2880,6,3139.260796947116,4.2423260051519,51.0924649
2890,3,3288.843086282208,4.2519213925908,51.0451478
2900,6,2796.5128891806235,4.4980446,51.2516344
2910,7,3191.7375122657404,4.4701309,51.4677957
2920,3,2991.478882348469,4.4763255,51.3832723
2930,29,3436.2301621654,4.489307,51.2930933
2940,8,2909.2439312905485,4.4046996,51.3066168
2950,10,3382.3087652822524,4.4312318305558,51.332759
2960,19,3187.6238292731887,4.5972381789962,51.3347679
2970,11,3833.2474856820536,4.5556038,51.2624856
2980,7,2802.454809059977,4.6455565344486,51.2428446
2990,5,2895.3375048897997,4.6428328,51.3994474
3000,14,6402.249502517762,4.6929903215189,50.8812533
3001,5,3324.340448823207,4.6931307510281,50.85172925
3010,3,2889.764606977722,4.7307614946269,50.88991545
3012,1,2109.004739336493,4.7136294,50.9095362
3018,1,3950.0,4.7001214,50.926428
3020,3,2887.896508293123,4.6255138,50.9020979
3040,9,3502.3020731181355,4.5828587400028,50.7950895
3050,2,2886.8080695566077,4.6678971,50.8217682
3051,2,2040.909090909091,4.6458289787229,50.8051035
3061,1,3409.9378881987577,4.5905043649411,50.8419887
3070,2,2013.9860139860139,4.5364707039624,50.88326665
3071,1,1923.076923076923,4.5750864125531,50.9104969
3078,1,2413.793103448276,4.5545949589597,50.87266065
3080,16,3236.0938952165834,4.545208431698,50.8110528
3090,10,2813.151867830024,4.5385226,50.7729254
3110,5,1966.8600144687887,4.7143205960258,50.9543637
3111,1,3495.575221238938,4.7683306885409,50.9482552
3120,9,2853.9467335655227,4.6755134,50.9900457
3128,4,2052.166801481457,4.7505367662714,51.0075269
3130,3,2244.82163406214,4.7908301771478,50.99602795
3140,14,2425.8332548787585,4.6265551,51.0049242
3150,7,3623.4445364035896,4.6386824,50.9769286
3190,2,2551.6843971631206,4.575800525,50.97828585
3191,1,1722.5,4.5553278,50.9925865
3200,6,2662.132310661101,4.8245687,50.9841594
3210,2,1349.8643936458736,4.7756847507269,50.89891075
3220,1,2732.7935222672063,4.7557296717686,50.92172015
3270,5,2425.5036366147156,4.9547327768843,50.9725745
3271,3,2421.674580984926,4.9770845794874,51.0278406
3290,1,1990.5956112852664,5.086792549946,51.0130411
3294,1,2470.9302325581393,5.0247465287649,51.0071839
3300,5,1845.5015036415552,4.9137602382894,50.79215565
3320,2,2235.0467289719627,4.8294566856141,50.78956675
3350,2,1680.5028514430687,5.0409717,50.8291537
3360,2,2361.691810344828,4.7912847996064,50.80732735
3370,1,,4.8336178052558,50.8473461
3390,2,2842.8362573099416,4.8863781815823,50.9242724
3401,2,2270.026525198939,5.0878535498936,50.7385007
3440,3,1126.207483230103,5.1205761783641,50.8127265
3450,1,3558.4415584415583,5.1299277800431,50.8754117
3454,1,1507.0921985815603,5.1564917481959,50.88594765
3460,2,3349.3609367824893,5.0136688435307,50.94677135
3500,53,2971.092014917493,5.3368383970676,50.930358
3510,3,2436.9516458869316,5.2509784643733,50.9524495
3511,3,2271.4144854249603,5.2747491372719,50.97085355
3520,23,2515.087833585423,5.3677683,50.9909835
3530,26,2205.5331180425014,5.4121547136036,51.036563
3540,5,2199.5881129628387,5.2098576659451,50.94876395
3545,9,2830.469314738135,5.0656234079577,50.9321193
3550,35,2678.650230390604,5.2835531292784,51.04153335
3560,4,2055.773383720703,5.1472099707378,51.0067479
3570,10,2071.886083247676,5.3079873,50.8754731
3580,32,2257.031203854073,5.2208090823008,51.0502026
3581,6,1858.9973156236322,5.2443565507181,51.08973005
3582,16,2407.9955036417628,5.271159654589,51.06978945
3583,14,1830.5836743497118,5.1616725572109,51.04746375
3590,12,2073.520462850575,5.4200307,50.9078485
3600,29,2052.1795219004716,5.5001456,50.9654864
3620,5,1389.9876837496759,5.6091315,50.8839456
3630,19,2662.3456896734597,5.7128515,50.9863045
3640,5,2123.644530435689,5.8089243331137,51.1492029
3650,59,2604.2180258889102,5.6747570297643,51.01085805
3665,6,2742.383444854033,5.5722025852462,51.0005396
3668,1,406.25,5.6161660037867,51.0182495
3670,4,1363.4960727688454,5.5813814347439,51.08477665
3680,40,2757.5425205139213,5.791733,51.0947181
3690,13,2172.2194973178857,5.5725548,50.9318992
3700,39,1829.2647004958492,5.4417282,50.7678379
3717,1,2406.4171122994653,5.4260923,50.7273829
3720,3,1720.6477732793521,5.3770000287821,50.86195255
3721,1,1591.6398713826366,5.4298574663068,50.8667966
3724,2,1669.102537219543,5.4259091735787,50.8326029
3730,10,1912.1803493044335,5.4593316,50.8580527
3740,19,2574.007070217621,5.5473874,50.8379653
3770,6,1654.80617840439,5.6374847,50.828018
3790,5,1625.9142340111434,5.839052712207,50.7465898
3793,1,3653.846153846154,5.8695304694514,50.75322225
3800,43,2254.778162082559,5.1499121468986,50.80055285
3803,1,1655.5183946488294,5.1461581286779,50.83411245
3806,2,4761.538461538462,5.1322112767812,50.78000075
3830,8,2024.761863022886,5.3111748927674,50.82338225
3840,10,1734.9666236772475,5.3972985,50.7913472
3850,5,2255.242282681776,5.2414389,50.8752909
3870,3,1652.9628266470372,5.3567635,50.7687571
3890,9,1619.5424754383018,5.2314326932833,50.7456072
3891,1,1466.1654135338347,5.1788950800586,50.75022405
3900,22,2831.357690159139,5.422976,51.2113458
3910,1,2274.285714285714,5.4314419,51.2289746
3920,22,2553.923487645982,5.3076895,51.2305657
3930,5,1836.282441130144,5.4792895720018,51.2684314
3940,8,2184.605542987517,5.3415643775263,51.11664635
3941,2,1448.4962406015038,5.3440439268887,51.1567865
3945,17,2265.4046208346435,5.1781109743218,51.11417145
3950,4,2505.963911361448,5.5522997799873,51.1470494
3960,9,2567.71357573568,5.5648743785157,51.1304481
3970,21,2131.79009913285,5.2638924294785,51.1220584
3971,4,2011.4079816784924,5.2265355962879,51.11582725
3980,31,2351.9834470963424,5.0893974,51.0681628
3990,3,2236.613037971272,5.4147469555164,51.1272018
4000,182,2379.741595009087,5.541864,50.648205
4020,133,1980.6152511369712,5.6596627,50.670247
4030,33,1934.395719925517,5.599573,50.621845
4031,10,2201.0746388425796,5.5954054,50.6128164
4032,14,1662.7893955645886,5.619261,50.6111024
4040,44,1888.043928027905,5.6403906,50.6701887
4041,16,1615.569712832696,5.5846274,50.672653
4050,7,2409.773805872843,5.6469688,50.5847922
4051,8,2479.1041142374334,5.6335963,50.6018717
4052,8,2967.787524089346,5.6387759,50.5589633
4053,10,2066.5473125245926,5.619201,50.5893639
4100,71,1782.0538680734223,5.5355698,50.5742979
4101,20,1595.0833664309291,5.5049541,50.6168289
4102,18,1567.9100377636048,5.5389943,50.5992632
4120,7,3219.8521055676683,5.4901079,50.5431751
4121,4,2710.6636997464852,5.4514318,50.5520337
4122,6,2692.5960966239836,5.5215011,50.5446771
4130,22,1734.3248003180736,5.5757727440324,50.5337249
4140,23,2537.030376475267,5.6466570762919,50.5065636
4141,3,2267.3026561915453,5.7172477995985,50.5248417
4160,5,1726.6066588233793,5.5225261,50.481662
4161,1,1604.4776119402984,5.5122974,50.4969412
4162,1,1433.1210191082803,5.5009881,50.4869156
4163,2,2443.250828119249,5.4707571,50.4960227
4170,2,1096.2799659120383,5.5764707268884,50.474910743586
4171,2,1895.3508771929826,5.5827847,50.5097627
4180,11,2054.4927921623057,5.5428656,50.4454473
4181,2,1733.3333333333335,5.5680501,50.426751
4190,16,1999.3666579267967,5.5726031,50.40526
4210,1,1335.0515463917525,5.0495231,50.5795921
4217,4,1554.2324447518172,5.1257368,50.5487123
4218,6,2017.9590608926846,5.1318708,50.5331675
4219,8,1977.072567863573,5.0305133,50.6266779
4252,1,2985.0746268656717,5.1969427,50.6554534
4253,1,1156.862745098039,5.187047,50.6649171
4254,2,2522.704339051463,5.182381,50.66174
4257,7,1245.4356183278448,5.2146261,50.6977331
4260,9,2219.0953377432425,5.1159746,50.6287517
4280,16,2014.1134492817278,5.067671,50.620859
4287,4,1913.5935319537543,5.0055524,50.7228078
4300,27,2263.6467116336826,5.235361,50.7099793
4317,6,1787.6780028384562,5.2683121,50.6482877
4340,12,2039.9048292596046,5.4620018,50.6669712
4347,4,2511.819740604575,5.3827164,50.6598522
4350,4,,5.333978,50.689076
4351,3,1679.8936498223848,5.3426579,50.6960127
4357,2,2010.4903608065088,5.3107335,50.6600262
4360,6,2309.1673202515503,5.3379451,50.7220498
4367,6,2694.9341186361335,5.4060353,50.6961807
4400,34,1753.3124001178726,5.409295,50.5985223
4420,32,1562.0431886207127,5.539419,50.6305341
4430,7,2095.8592504518106,5.5190612,50.6624326
4431,8,2189.6130943281228,5.502732,50.665153
4432,5,2475.7209033613444,5.5129926,50.6742549
4450,8,2248.2680380053953,5.5234944,50.6879619
4452,1,1800.0,5.5241784,50.7280141
4458,3,1647.2540300895864,5.5714611,50.7219179
4460,26,1529.8948671623282,5.4254194,50.6436521
4470,5,1463.7609788486373,5.3579041,50.6000686
4480,12,1586.9071569545047,5.4444346,50.5445135
4500,56,1952.5696650532013,5.1773498,50.5033196
4520,20,1438.171779013819,5.2358517,50.5512026
4530,6,1936.9712143731422,5.2044866,50.6161817
4537,5,1977.9444284346991,5.3184439,50.6075114
4540,31,1716.389313400587,5.3371708,50.5442809
4550,25,2633.168645430398,5.4130878,50.5290054
4557,5,2495.307467288923,5.3564571,50.4735257
4560,9,2229.364029134486,5.3302671,50.3946271
4570,11,2059.1923606106557,5.2683004,50.4462845
4577,4,1218.8923395445133,5.3271603,50.4922647
4590,3,2300.5259373925005,5.4653273,50.4377341
4600,24,2534.92914452703,5.695354,50.7171434
4602,14,1487.6533436833006,5.670164,50.682809
4606,2,2307.705903145988,5.7536486,50.6953487
4607,10,1893.6060732422354,5.731253,50.7423427
4608,8,3184.122698721707,5.773045637996,50.73466495
4610,10,1954.0734335307816,5.6654685,50.6447087
4620,7,2076.1271527841905,5.6832219,50.6168354
4621,2,2596.757591353577,5.6978166,50.6302993
4623,1,2625.0,5.6811009,50.6028765
4624,7,2028.8308566295277,5.6655488,50.6068155
4630,11,1908.0073028140682,5.739941,50.6147718
4632,1,2202.205882352941,5.7262388,50.6508837
4633,3,1618.8490057296933,5.7370469,50.6460841
4650,4,2355.2025446036855,5.7718682,50.6856398
4651,2,2184.0200392403376,5.8194813,50.6482697
4652,1,2096.153846153846,5.7726472,50.6037018
4654,2,3035.390428211587,5.8048204,50.669117
4670,6,1996.3482664255728,5.7432715,50.6821815
4671,15,2206.2180833725074,5.693985,50.6796259
4672,2,1825.4480574155007,5.700802,50.6958409
4680,16,2219.889801267177,5.6186068,50.7087526
4681,6,2609.7164890453255,5.6808711,50.710544
4682,3,1586.5384615384617,5.6104199,50.7391753
4683,5,1522.9455263686093,5.6527071,50.697932
4684,4,1688.3947444409323,5.6667674,50.7339784
4690,8,2033.266634016886,5.6702417,50.7994409
4700,9,3351.784543682337,6.031452,50.6306134
4701,3,2989.767987486966,6.0458005,50.6461317
4710,6,2594.9173992836363,6.0073447,50.6804233
4711,3,1627.1354561891646,6.0469422,50.6750768
4720,10,1940.8312218826925,6.013341,50.7154957
4721,2,2320.0,6.0240702,50.7199902
4728,11,2824.933800282059,6.0316891,50.7091279
4730,18,3195.2830637791176,6.0708402,50.7080172
4731,3,3878.4262336422507,6.081697,50.6935863
4750,8,2511.144943338784,6.2213827,50.4573116
4760,6,2578.414715184937,6.257827,50.4075533
4770,10,3145.655774929198,6.1884932,50.3288415
4771,1,1418.2692307692307,6.218691,50.3631661
4780,7,2951.912943626714,6.1258953,50.2803881
4782,1,2300.4694835680752,6.2642498,50.2888095
4790,9,1310.1724794106517,6.1362567,50.1954121
4791,2,2039.8000875528965,6.0743425,50.2190586
4800,61,1614.3388699319596,5.8341784,50.6143044
4801,9,1883.4505057067117,5.8952801,50.593109
4802,5,2508.1700318402227,5.867539,50.57804
4820,6,1481.3606473170976,5.854735,50.611374
4821,9,1939.4294005932186,5.8901888,50.4386821
4830,5,1923.659898226372,5.9402987,50.6122761
4837,6,2129.6562003231697,5.9953656,50.6193792
4840,4,1642.8276413949764,5.9723396,50.6627086
4845,9,2094.0672780106456,5.9647526,50.5592528
4850,8,2528.8989367587847,5.9880362,50.7208739
4851,9,3012.4852558875305,5.9967631,50.7463908
4852,1,2500.0,5.9207511,50.723243
4860,13,1374.2683626483324,5.7910525,50.5747936
4870,23,1885.571785754689,5.7371309,50.573671
4877,7,1990.5037758452042,5.7479948,50.5901199
4880,2,3000.0,5.8585553,50.7041498
4890,3,2190.086107941029,5.8650125,50.6529465
4900,20,2020.1584948179752,5.8626233,50.4920838
4910,11,2241.071027052468,5.8198955843753,50.52586075
4920,30,1995.9984547236813,5.6660069,50.4028521
4950,14,2523.2415925920936,6.1143694,50.4772534
4960,29,2109.404836393283,6.0391879,50.4415348
4970,11,2157.9865963235193,5.9308362,50.3940846
4980,10,1673.3912238884882,5.8378154,50.3388474
4983,1,2637.2549019607845,5.826789,50.3579736
4987,1,3118.0555555555557,5.80836,50.4069504
4990,6,1504.616490973123,5.7920929,50.28574
5000,87,2849.668039841795,4.9219558,50.4687313
5001,1,2162.162162162162,4.8222958522639,50.46923485
5002,5,2349.773739120351,4.8351266178881,50.48141855
5003,1,2160.714285714286,4.8469587132153,50.4948666
5004,4,2492.7820677820678,4.891664450549,50.47887385
5020,36,2412.496149724692,4.9035112119756,50.49862565
5021,1,2250.0,4.9291903523068,50.49239555
5024,3,2028.702975058474,4.9578287274527,50.5113799
5030,30,2781.0355048488805,4.7273547,50.5533536
5031,2,2395.833333333333,4.7609593378472,50.57820735
5032,2,2027.8642590286427,4.6546979,50.5359706
5060,44,1926.480918062534,4.621259,50.4182456
5070,14,2218.02727646151,4.5998195,50.3760693
5080,3,1899.867657103825,4.8345691476021,50.5379166
5081,8,2408.5584506501436,4.7787022193209,50.51440005
5100,79,2900.171625633402,4.9043004277231,50.4110871
5101,3,2388.582446082446,4.9409795174479,50.4580989
5140,16,2009.258916042413,4.6119938,50.5018413
5150,23,2421.4011147253914,4.758878,50.4348064
5170,29,2611.7085105658043,4.820627,50.365529
5190,23,1923.7506141489255,4.6734915,50.44449
5300,75,2026.76704251718,5.1169603,50.4636595
5310,19,2265.0619034190036,4.8359955,50.5988682
5330,7,1933.197632460984,4.9506941,50.405155
5332,5,2112.312200095906,4.9581149,50.3468626
5334,1,911.7647058823529,5.0704373,50.3730757
5336,2,1801.388888888889,4.9845433,50.378301
5340,14,2896.6749872758787,5.1258806,50.4001817
5350,12,2471.8743988551996,5.1238439,50.4359066
5351,6,2183.1455896805896,5.1491871,50.4405961
5353,2,2101.2670408820213,5.2217845,50.440101
5354,1,1600.0,5.1821601,50.4432621
5360,10,2626.90755214916,5.0562173,50.3413559
5363,2,2788.692989864865,5.1212547,50.3253905
5370,11,1619.4156491630401,5.2408578,50.3384304
5372,1,3233.830845771144,5.333856,50.3619241
5374,1,105.54089709762533,5.3125869,50.3533462
5377,49,2223.443884612554,5.279464,50.24859
5380,8,2150.227060858973,4.9746742,50.548118
5500,60,1858.1256882180307,4.91242,50.2608166
5501,2,2565.481366459627,4.9715412,50.2814293
5502,1,,4.9882689,50.2798224
5520,5,1495.643538510878,4.840864,50.2435657
5522,1,1943.3962264150944,4.793357,50.2782156
5523,1,,4.8454743,50.274944
5524,1,2083.3333333333335,4.8158102,50.2452911
5530,38,2509.594094347483,4.8978933,50.3031942
5537,10,2060.0829628786378,4.7512903,50.3179627
5540,51,1680.305063254313,4.8189189,50.1967082
5541,8,1866.452795060332,4.8294854,50.2150767
5542,28,1631.7716834822097,4.8352693,50.192216
5543,6,1486.0202901424277,4.831747,50.161698
5544,4,1210.2569974554708,4.7942801,50.16421
5550,19,1185.8887283821118,4.9726784,49.8421207
5555,9,1703.5018053060483,4.973101,49.9177
5560,11,1983.760558801079,5.0899109,50.1666464
5561,3,2087.389770723104,5.0058339,50.2312617
5562,1,2779.805263157895,5.0484175,50.2117661
5564,1,1661.904761904762,5.061512,50.1593381
5570,43,1529.7505169014748,4.9576144,50.1105211
5574,6,1986.6749807210333,5.008842,50.099609
5575,23,1629.808923332168,4.9276767,49.960145
5580,48,1833.7038824140648,5.1530857761777,50.11195305
5590,57,2475.517243331561,5.0458772,50.2668644
5600,41,1641.814454852243,4.531286,50.2180956
5620,19,1470.4774944360536,4.7134091,50.2496186
5621,10,1448.2080156115692,4.5607099,50.2949873
5630,23,1416.7658853513485,4.455439,50.218825
5640,35,1581.0451452897605,4.6584949,50.3212094
5646,1,2000.0,4.6590441,50.2828212
5650,26,1371.7382142937274,4.4592009,50.2649096
5651,18,1420.584061509526,4.4950207,50.2778386
5660,78,1474.3079785316843,4.5105493,50.0796144
5670,20,1238.1276198770843,4.607218,50.0726831
5680,12,1742.3352209707868,4.7026857,50.1177554
6000,46,1592.1149194659542,4.4491649999234,50.41571025
6001,27,1733.6304455980896,4.4442531,50.3977245
6010,9,1665.747611474304,4.468631,50.391219
6020,4,874.9966666666667,4.4322464,50.4186181
6030,22,1004.731174332407,4.3611946147288,50.41684425
6031,15,1470.5120968423953,4.382402,50.4170168
6032,13,1843.1784355756702,4.4046365,50.3902046
6040,24,1282.321714122025,4.4360232749854,50.44466065
6041,15,1471.4493657492833,4.4301757,50.4653846
6042,6,1294.1438758525849,4.4489421,50.431853
6043,7,1270.5538235264214,4.481573078145,50.45615655
6044,10,1657.3885750596535,4.3907758274107,50.4415002
6060,26,1141.6592880627131,4.485649013438,50.4269705
6061,24,1395.403550280734,4.4729234863084,50.4109216
6110,12,2238.4016973264816,4.3602314806535,50.369072045553
6120,17,2064.475538336167,4.3889214,50.3219897
6140,10,1876.5207825690043,4.3239637925238,50.411224661019
6141,6,1517.0500653594772,4.3198191,50.4383794
6142,2,2392.44142101285,4.3307851,50.3974398
6150,16,1377.6228862678329,4.2696102,50.4079969
6180,11,1569.4674084812618,4.3763406,50.4601576
6181,3,2011.37496720021,4.3287132,50.4875628
6182,5,1517.5870945752008,4.350827,50.450999
6183,6,1363.9516857467625,4.3317415,50.4665295
6200,29,1530.5445344618113,4.5151961,50.390213
6210,10,2522.963091382756,4.4054735658856,50.543725
6211,1,3894.805194805195,4.4782005997401,50.50462075
6220,24,1827.0673858649063,4.5446545325944,50.47194905
6224,6,2005.4369784804567,4.5816274059151,50.47584335
6230,14,2061.8590924791483,4.3622972938902,50.5043242
6238,1,1986.5319865319866,4.3888817117527,50.51456265
6240,10,1383.363325768045,4.553041,50.4273228
6250,21,1874.3657341664962,4.5459892,50.4173702
6280,18,2193.290193994362,4.5771625,50.3544437
6440,17,1887.4657430579484,4.3059105,50.198614
6441,4,2240.08907544472,4.3512321,50.2118893
6460,24,1902.554466707386,4.238617,50.069276
6461,1,831.9327731092437,4.3329805,50.0648008
6462,1,1691.7808219178082,4.363579,50.061113
6464,14,1278.953657053624,4.3755329,50.0298544
6470,14,1245.5722173196177,4.226143,50.163816
6500,9,1766.8998977366575,4.196155,50.224642
6511,1,1317.2043010752689,4.2980462,50.2766332
6530,5,1398.1840289985287,4.2870475,50.3397445
6531,1,1566.0377358490566,4.3079897,50.320724
6534,4,2720.5664164799505,4.3515595,50.3332279
6536,3,1705.8333333333335,4.3119991,50.2854167
6540,10,2040.3602641807963,4.2654874,50.3460194
6560,18,1211.5447969993495,4.1241436,50.3102184
6567,2,2235.294117647059,4.2137302,50.3208131
6590,5,1218.6727990334687,4.1649981,50.0286317
6591,2,625.0,4.2096331,50.052122
6592,2,545.4545454545455,4.224118,50.036452
6593,2,1168.477602108037,4.1802891,49.9755399
6594,2,2071.005917159763,4.156972,50.015365
6596,1,1491.9786096256685,4.2520681,49.96543
6600,45,2548.7032434848256,5.8368151,50.0249524
6630,6,1692.9288934485419,5.7376366,49.8313323
6637,2,,5.665031,49.8509306
6640,29,2206.233146991253,5.5824265,49.957603
6660,18,1287.404348962051,5.7886928,50.1323761
6661,4,2548.4495365912376,5.7909538,50.5341607
6662,1,2315.4362416107383,5.837773,50.1081487
6663,5,2798.1967111686686,5.7384527,50.098929
6666,2,3485.5705506687555,5.7156009,50.1661182
6670,16,1691.095181985633,5.9393768987183,50.1608553
6672,1,2074.468085106383,5.9972692,50.220365
6673,1,,5.8646609,50.1806741
6680,9,1933.2577781958644,5.5272931,50.0292955
6681,3,1779.3594306049822,5.5136455,50.052317
6687,4,1283.0191050779285,5.6675577,50.0842908
6688,1,2066.0377358490564,5.6892466,50.0535428
6690,23,1775.6384260445586,5.8082072,50.2390245
6698,2,1718.3248299319725,5.9072517,50.3262753
6700,104,2982.486825656183,5.811919,49.6827625
6706,1,3764.1509433962265,5.8675666,49.6499559
6717,7,1617.7565822124313,5.7861375,49.7717529
6720,3,2432.7826788906186,5.5932514325174,49.73558035
6724,1,2833.3333333333335,5.5843337,49.7189016
6730,8,2697.7337176878377,5.5185152,49.6820986
6740,5,2142.1143366437486,5.5982415,49.6729527
6741,2,2157.9106280193237,5.6698138,49.6701655
6747,16,2929.343375421832,5.6983633,49.6255848
6750,6,1973.9846535800887,5.6403955,49.5528606
6760,24,2005.59438342944,5.5937884,49.5376723
6761,1,2735.8490566037735,5.5704642,49.5581925
6762,3,1445.6578774760592,5.5284511,49.5577562
6767,4,1133.9346210067206,5.4979579,49.5553011
6769,11,2102.5571769356347,5.4287902,49.6184295
6780,14,2746.3097690905356,5.7983045,49.6350021
6790,10,2546.075564345597,5.804352,49.5675296
6791,15,1958.6630939697704,5.8317661,49.5642065
6792,2,2921.4838255977497,5.7248143,49.5903125
6800,25,2146.0562177850925,5.3877654,49.9760182
6810,7,1741.0378544117145,5.3394252,49.738581
6812,1,858.7257617728532,5.4005563,49.7626877
6820,12,1887.5007085170591,5.3100518,49.6993182
6823,1,1565.2173913043478,5.331466,49.6185771
6830,21,1876.8369456003381,5.0035785,49.8115586
6833,1,1900.0,5.0388784,49.8675973
6838,4,1199.3469174503657,5.0065337,49.7976297
6840,25,1472.1061192424497,5.4339147,49.8411765
6850,16,1876.6421786536373,5.0830529,49.8947611
6852,2,1138.9918458117122,5.1201252,49.9348514
6853,1,1378.5046728971963,5.1601932,49.9185629
6860,7,1646.4121900773437,5.5209461,49.7671531
6870,17,1801.2739501415654,5.306188,50.074242
6880,18,1972.1199401417307,5.1823728,49.8157173
6887,7,1628.1181753256262,5.3277128,49.8158829
6890,10,2379.2413189461563,5.1601828,50.0077873
6900,59,2155.9194978033443,5.2931158,50.2232964
6920,8,1861.5450923889587,5.0702515,50.0685885
6924,1,1092.2330097087379,5.092143,50.0762474
6927,13,2022.2927337528786,5.216837,50.081019
6929,4,1304.5158476349384,5.0866787,49.978801
6940,113,2320.7392553630884,5.4086678,50.3299795
6941,15,2352.490868976112,5.4048529,50.3783963
6950,12,1650.8038699156234,5.3455462,50.1294031
6951,15,1615.3411971012604,5.4154822,50.1665822
6953,5,1544.9264048320651,5.2842239,50.1324941
6960,11,1827.7524573977466,5.6230297,50.234199
6970,7,1591.0746938665582,5.5242133,50.091248
6971,1,,5.5034047,50.1077503
6972,1,2621.145374449339,5.5507905,50.1137831
6980,25,2013.5120558886429,5.5532565,50.170322
6983,3,1102.2489705416533,5.6138065,50.1249111
6987,12,1763.475956979855,5.5230608,50.245425
6990,10,1926.8043491296678,5.4463304,50.2688011
6997,22,2064.6994965455715,5.7189108,50.1458065
7000,21,2833.8200467366196,3.951958,50.4549568
7011,2,1448.9326765188835,3.903746,50.4760502
7012,7,1598.6569610657639,3.8878381,50.4367571
7020,5,1844.839982839983,3.9545894,50.4759358
7021,3,798.3193277310925,4.0453329,50.4643434
7022,2,1833.0720187849245,3.986884,50.3949004
7030,3,1875.504923780786,4.012574,50.4366253
7032,1,2130.4347826086955,3.9868957,50.4254505
7033,5,1282.5292640724629,3.9206652,50.436171
7034,2,1655.2904411764707,4.0062232,50.4760289
7040,8,1645.60780830284,3.9442029,50.3422836
7041,3,2055.5523809523806,3.9841693,50.3611541
7050,12,2478.3960179370943,3.8961158,50.5155495
7060,10,1724.47777017209,4.0413076,50.6093445
7061,4,2402.06806278832,4.0489552,50.5151015
7063,5,2114.2126239382233,3.9979808,50.5921606
7070,6,1889.2042367102592,4.112245,50.5034034
7080,27,1542.1338014784365,3.9298869,50.4018707
7090,33,2239.32687591774,4.1425138,50.6123481
7100,48,1346.7727273249518,4.2000181,50.4547557
7110,30,1495.7991594430005,4.1524459,50.4835958
7120,2,2486.922268907563,4.1208612,50.3512136
7130,8,1889.3466203197152,4.1701677159951,50.412824846085
7131,1,2495.0,4.150981,50.4137808
7133,1,1744.4444444444443,4.2055425,50.3897538
7134,9,1919.399931881609,4.218073,50.416547
7140,11,1259.1967219175629,4.2523562,50.4509843
7141,4,822.6119402985074,4.2340727,50.4293887
7160,12,1349.1875791255302,4.2865899,50.4955503
7170,19,1336.8936350835402,4.2282511,50.4898236
7180,7,3184.6919144960016,4.2664609240834,50.52505545
7181,6,3261.5296079007417,4.3186986634815,50.55876715
7190,6,2086.5621534329007,4.1752492,50.5696129
7300,9,1350.4078522477946,3.7960902,50.4331253
7301,4,1016.897233201581,3.8276077,50.4337613
7320,3,1559.5569050832207,3.6504677,50.475502
7321,7,1472.9194167477187,3.6936,50.4794445
7322,6,3055.6651469909434,3.7304437,50.471652
7330,3,1954.5476745476744,3.8214781396442,50.448359502766
7331,6,1480.269389828659,3.8327577,50.4814352
7332,3,1659.9386189258314,3.7881267,50.5060592
7333,6,2053.023095716019,3.8081735,50.4673149
7334,4,4184.871138918133,3.7902777,50.4861629
7340,26,1099.9929933719986,3.8629223,50.4136507
7350,5,1211.4801057487894,3.6847215,50.4328388
7370,35,1056.2579781787454,3.7806897,50.3978815
7380,4,1404.761340501695,3.6957835,50.387884
7382,2,1074.200503054258,3.7177788,50.3830135
7387,11,1238.4815597716185,3.7317059,50.3463188
7390,16,1278.4813784340088,3.8466719,50.445727
7500,89,2116.2124776247833,3.3668477,50.5822217
7502,2,400.0,3.3038112,50.5743852
7503,6,2256.694156930896,3.3569842,50.6195489
7504,2,2452.284810126582,3.3287795,50.57792
7520,10,2039.322881880797,3.2831577,50.6449056
7521,2,3453.9473684210525,3.4212542,50.5885516
7522,2,2285.714285714286,3.3035015,50.6249665
7530,3,1609.6774193548388,3.4834445,50.5924891
7531,1,2138.4615384615386,3.4655917,50.6156953
7536,3,854.2394068709858,3.426172,50.589889
7538,4,1903.6815258372144,3.5017888,50.5683976
7540,13,1867.5853520922667,3.3809106,50.6379097
7542,3,4266.666666666667,3.4000171,50.6554352
7543,7,1875.4352002595867,3.445164,50.6530409
7600,14,1444.309119811148,3.5908864,50.5097897
7603,4,1262.4957576494307,3.607483,50.4976184
7608,3,1670.4662454662455,3.533035,50.508665
7618,4,2003.4410137010884,3.3416855,50.5502028
7620,4,1614.8397536051161,3.3795619,50.5178063
7622,1,,3.4418587625525,50.52296155
7623,1,2305.194805194805,3.3815632027097,50.50665205
7640,3,1215.0154590670788,3.4538057,50.551862
7643,1,2064.516129032258,3.473373,50.567887
7700,108,1678.8000200064523,3.2139093,50.7433351
7711,18,2219.447505624744,3.3037301,50.7273981
7712,20,1851.817252704074,3.2342044,50.7227127
7730,20,1956.20282774253,3.3176015,50.6689214
7740,10,1795.89793974264,3.3451985,50.702173
7742,1,1957.2649572649573,3.3623581,50.7008798
7743,1,3355.8558558558557,3.364281,50.662055
7750,12,2010.88705272847,3.481663,50.747596
7760,9,2508.2494748195686,3.4050325,50.7314164
7780,1,,2.998666,50.768736
7783,3,1023.3858892359561,2.88999,50.7060943
7784,1,1380.3191489361702,2.9502023,50.7529932
7800,12,2541.431365429507,3.8042549,50.6534242
7802,1,1602.5641025641025,3.7516336,50.5947224
7803,1,3465.1898734177216,3.7677307,50.6477056
7812,7,2071.971134093215,3.7360962,50.617881
7822,1,1792.4528301886792,3.8181687,50.6637962
7830,5,2294.9630292696793,3.9243973,50.6489028
7850,33,2445.4276204743796,4.0173479,50.6903571
7860,5,1269.6978179325756,3.8301131,50.7123036
7861,1,2253.4894736842107,3.7998354,50.6940794
7862,2,2222.257894736842,3.780225,50.7208405
7864,1,2107.942105263158,3.8522036,50.7307336
7866,1,995.260663507109,3.8856306,50.6953023
7870,7,1409.9867889898671,3.9433795,50.5643065
7880,3,1901.738153430201,3.7378707,50.7371675
7890,8,2020.638943827449,3.6802062,50.7338701
7900,5,1514.930963630485,3.6322713,50.6220544
7903,5,1629.1725192492456,3.6551354,50.6125001
7910,9,1678.9533734015915,3.5455253970222,50.684567271165
7911,8,1736.7332988627022,3.6551307,50.6648633
7912,5,2210.3319540513835,3.5666,50.712579
7941,2,2302.4352786309782,3.8410951,50.6102428
7950,6,1380.4824142114448,3.7532905,50.5658217
7951,1,2436.9747899159665,3.7748043,50.581313
7970,3,1874.4298502009499,3.7361279,50.5479197
7971,5,1030.753161052357,3.6351295,50.544393
7972,12,1783.8648612223874,3.6909731,50.5302519
7973,5,1211.8646203786266,3.6966742,50.5044413
8000,40,3173.0410400477995,3.2473789,51.2419954
8020,9,2737.303804419458,3.2497137262681,51.1511469
8200,17,2947.634612578405,3.1750054151928,51.18830895
8210,6,2664.3317232453837,3.1404473279372,51.1355326
8300,68,9509.2990030995,3.3233738606453,51.34942965
8301,28,7751.190686322473,3.2505004,51.3126954
8310,17,3085.6646999147006,3.2570785402003,51.1933202
8340,5,2596.5476669733916,3.3435315097294,51.210525
8370,73,3474.8277929271085,3.1404868099971,51.2996935
8377,2,2225.762413746448,3.1071768079055,51.2388018
8380,10,2947.573960461701,3.2292277,51.2747463
8400,99,3460.0678963670844,2.9200835535007,51.20214645
8420,40,4076.6403539999824,3.0238828,51.242521
8430,18,3512.317356674237,2.8063401225473,51.18331695
8432,1,2648.9795918367345,2.8776766,51.1746761
8434,27,3711.7548942316544,2.7549864166944,51.15402425
8450,13,2408.161309412544,2.9725769468284,51.23890495
8460,4,2164.897986410894,3.0333284671459,51.1662204
8470,3,1853.0789825970548,2.9333678137411,51.17625885
8480,10,1954.5363238231844,3.023122345129,51.12819605
8490,3,2892.0395077720204,3.1229871043255,51.17552695
8500,41,3079.7804196771285,3.2784153903743,50.81788085
8501,1,1878.3068783068784,3.2382004806211,50.8511736
8510,3,1727.7651515151515,3.2336226,50.8070452
8511,4,1485.891495926434,3.2186046321991,50.77745545
8520,1,760.0,3.2736322150643,50.86005145
8530,11,2666.147267109229,3.3425511,50.8293249
8531,2,4184.451219512195,3.3126044844799,50.8790473
8540,10,2301.81477151289,3.3622790229139,50.83878495
8550,3,2571.863370418026,3.3419067426276,50.80406995
8551,2,2045.5128205128206,3.4120184,50.7821543
8552,1,1907.6433121019109,3.3825263241918,50.775415
8553,1,,3.4245499365566,50.80927585
8554,2,,3.349745322203,50.76440175
8560,5,2467.407951429691,3.1864450062666,50.8121065
8570,12,2013.24082704211,3.463734552107,50.844003
8580,11,2309.504066885595,3.4468985313677,50.7754997
8581,1,2253.521126760563,3.5058971661987,50.8008418
8582,1,,3.4257331809137,50.75868715
8587,5,2222.7094656368363,3.3465264652837,50.72568025
8600,17,2294.53157020101,2.8814585998043,51.08623835
8610,3,2914.0243828079947,2.996075151704,51.0321939
8620,55,4588.398510750901,2.7283986495034,51.14416005
8640,1,1411.2903225806451,2.7887585311487,50.9035513
8647,1,956.9377990430622,2.8217318560837,50.9484727
8650,4,2463.6874355107548,2.9438110508216,50.97407785
8660,42,3174.78169293398,2.5896028375712,51.06926315
8670,158,4587.0426421281645,2.7012679966518,51.12531835
8680,13,1970.9685355961678,2.9186353800579,51.1174383
8690,1,1989.7435897435898,2.6903321,50.9800701
8691,1,846.1538461538462,2.622401,50.9844835
8700,18,2013.304599170606,3.4139884196625,50.9972412
8710,13,1965.833662385955,3.3604037488967,50.91140755
8720,5,1720.450155783971,3.4009830853574,50.93483565
8730,5,2342.4507512792106,3.3144732597608,51.12774395
8740,7,1976.1484393981752,3.2540634837689,51.0209559
8750,1,1704.5454545454545,3.2847683081115,51.06808895
8755,3,1281.2935921410542,3.3789495803068,51.062755
8760,7,1785.369555923967,3.2859605761212,50.9484788
8770,3,2021.895654960171,3.2617189739329,50.92196635
8780,6,1949.5835058661144,3.3468206372996,50.93434535
8790,22,2803.866458747613,3.4257380400092,50.87620025
8791,1,3212.121212121212,3.3427472358752,50.871701
8792,2,1393.076923076923,3.3669119563274,50.88302825
8793,2,2325.537634408602,3.4036062,50.9057236
8800,69,2142.2553257703994,3.14416,50.9687312
8810,3,1180.0213675213677,3.1422717715338,51.03033065
8820,9,1872.2673605010493,3.0913072045454,51.0585915
8830,3,1414.4541234743665,3.1103285411089,50.9975916
8840,7,1629.9296472922533,3.0641586047981,50.94159445
8850,1,2048.6111111111113,3.2045936674459,50.97076545
8851,1,2097.4576271186443,3.2016142835313,51.0075272
8860,2,1580.1361706534121,3.2320134658174,50.8850661
8870,15,2073.2202810793565,3.2212852352972,50.9336597
8880,4,1366.978865551262,3.179116,50.8765142
8890,13,1638.898070718351,3.1056665757612,50.84693275
8900,23,3037.1030112815274,2.8475388,50.8689046
8902,4,1356.2642537582792,2.9383694,50.8056486
8904,3,1344.6906389803326,2.8624482523982,50.89329445
8908,1,625.0,2.8146596555515,50.84722495
8920,3,1556.9289321789322,2.9632606863338,50.9278167
8930,38,1620.4826090672113,3.1938978797182,50.78879055
8940,24,1354.241736137585,3.0429882329964,50.79981455
8950,3,4177.7003814962,2.8457459110391,50.76764855
8953,1,1669.761273209549,2.9126192876216,50.7832683
8956,1,2804.3478260869565,2.8383675286243,50.7952131
8957,2,2303.5230352303524,2.9001214234264,50.7596526
8970,4,1559.4293505802068,2.7636029,50.8170498
8972,1,1947.2075471698113,2.6262588,50.9150531
8980,5,2649.686521872263,2.9874678,50.8731885
9000,98,4244.084840941707,3.7141549000597,51.0397129
9030,3,3114.1801928390437,3.6781210300259,51.0731177
9031,8,3115.9553753903415,3.6395168043236,51.0528944
9032,7,3634.972923598138,3.7034612746567,51.09349535
9040,7,3025.2666242948467,3.7488657,51.061875
9041,7,3133.764803343904,3.7644128,51.1001986
9042,3,2138.877760758284,3.8221384,51.1467255
9050,22,3531.6441293315806,3.7588813,51.0447236
9051,5,2600.304550025138,3.6575415863856,51.0299989
9052,6,3949.3764787472937,3.7021790930106,51.00092235
9060,3,1837.5,3.8105002,51.2000036
9070,8,2920.4850301160923,3.7978887,51.0556204
9080,19,2864.9755514514386,3.9000296,51.1078751
9090,3,2756.9922830792398,3.7976423,50.9842505
9100,44,2314.0436909489204,4.149464320724,51.163813060072
9111,3,2796.6709110286247,4.0917750185456,51.1570236
9112,3,1860.608148176454,3.9795579,51.1866966
9120,28,2782.170727768591,4.2821446,51.2211394
9130,5,2049.1944550086287,4.1871839695525,51.2540739
9140,22,2647.069704785477,4.1457568844955,51.12017065
9150,10,2729.693804065629,4.2873842506575,51.14685855
9160,4,2166.814714438029,3.9911114,51.1042159
9170,10,2291.5428853382373,4.0898144,51.2564526
9180,3,1623.7345927494218,3.9446436,51.1742698
9185,1,2944.4444444444443,3.8574284,51.1701927
9190,18,2662.871532288316,4.0240412532131,51.2104744
9200,13,2385.3295547697085,4.0562275450955,51.02983825
9220,12,3143.224980848019,4.1202807810427,51.0881618
9230,24,2283.347769114149,3.8614248,50.9697855
9240,15,2368.3503251560546,4.0385864,51.0683621
9250,2,2358.2040709470516,4.0842158,51.1097147
9255,3,3466.036344810829,4.2213781726505,51.0286063
9260,8,2414.2385564749993,3.9806438098974,51.0020843
9270,1,3653.6585365853657,3.918568,51.0370133
9280,7,1593.7606931190114,4.1307711,51.0004013
9290,11,2726.4775156364794,3.9639785004366,51.0278435
9300,54,2542.7162925996413,4.0396424203486,50.9429755
9308,2,2584.3880753138073,4.0413684723722,50.9831967
9310,5,2158.9281317194,4.0687165350537,50.97349005
9320,9,2365.92179659782,4.0573610045016,50.9160962
9340,21,2693.353266586815,3.90209,50.9574043
9400,19,2120.854860962283,3.9673266115113,50.819114
9402,2,1791.8088737201365,4.0458501718008,50.81972985
9403,1,1992.857142857143,4.0606636,50.803005
9406,1,2647.7272727272725,3.9976558921405,50.84658595
9420,18,2196.1762852243282,3.9555369,50.9407226
9450,9,2703.8515458898232,3.9548012,50.8816742
9470,9,2409.784599021305,4.0665468327116,50.8843903
9472,2,2591.7822657418737,4.0440509206633,50.8746795
9473,1,1458.498023715415,4.0448599,50.9005405
9500,79,2031.9882881290948,3.8252714980661,50.76432255
9506,10,1971.9105796009194,3.9259210427614,50.81624535
9520,6,2679.3140986516214,3.9009360317784,50.935088
9550,17,1883.0355585719003,3.853568,50.895806
9552,1,,3.8945771,50.9047179
9570,6,1719.4666757079501,3.8409061,50.7863579
9572,2,3395.061728395062,3.8157846440419,50.80452055
9600,50,1645.1653304498054,3.6020465,50.7476192
9620,23,2082.7145781007357,3.7893247,50.8690354
9630,10,2555.8961254878077,3.7552865,50.8891513
9660,9,3025.027087985655,3.7859967948024,50.7685909
9661,2,2136.8311242022583,3.799316,50.7849168
9667,2,2148.0582524271845,3.6920346,50.8348628
9680,1,1375.8620689655172,3.625998,50.8129246
9688,1,2975.0,3.6782376,50.8061799
9690,10,3257.762596674534,3.5230939,50.7750908
9700,22,2504.014714778946,3.6281646,50.8316945
9770,7,2599.132333355927,3.5404462768494,50.9200896
9772,1,2478.723404255319,3.5605794173077,50.8902386
9790,2,2708.8394062078273,3.5366137,50.8247164
9800,22,3172.017172297522,3.5628186,50.9845547
9810,5,3009.337314025396,3.6418029,50.9569377
9820,11,3541.1419669395345,3.7552702,50.9635195
9830,14,5361.90280355422,3.6306291238782,51.0134462
9831,2,4328.0374669475195,3.6111658724762,51.0000909
9840,3,3490.7151840803886,3.6495958,50.9924205
9850,2,2992.059523809524,3.5715236988666,51.0829292
9860,11,2848.2684755382734,3.8164475,50.971061
9870,4,2310.839963750307,3.4485632,50.9206638
9880,14,2913.5601310203347,3.4176803282422,51.088195
9881,1,6932.773109243697,3.4994525656039,51.0902776
9890,15,2511.0120598903472,3.6894495,50.9176673
9900,4,1954.7237521836453,3.5665965,51.1844827
9910,3,2273.102555895481,3.412339,51.1392692
9920,7,2980.904101562272,3.6076129,51.0956807
9921,3,3025.2661530280916,3.6412401,51.0876396
9930,1,2796.0,3.5642436785112,51.1195778
9940,18,3058.083221358238,3.7471789,51.1793505
9950,1,1839.82683982684,3.6061712,51.1515304
9960,1,4131.944444444444,3.7568076657628,51.23004155
9968,1,561.1510791366907,3.687828,51.1929943
9970,2,2937.208067940552,3.6219251372375,51.228952
9971,1,2310.4265402843603,3.6346312134542,51.19424
9988,1,1651.7857142857142,3.626982177111,51.2776499
9990,8,2395.035486292625,3.4154538,51.2263133
9991,3,3590.0447808692493,3.4858471,51.2035291
